{"cameraMode":{"drawMode":0,"name":"Shaded","section":"Shading Mode"},"sceneLighting":false,"audioPlay":false,"sceneViewState":{"m_AlwaysRefresh":false,"showFog":true,"showSkybox":false,"showFlares":true,"showImageEffects":true,"showParticleSystems":true,"showVisualEffectGraphs":true,"m_FxEnabled":true},"in2DMode":false,"pivot":{"x":2.999999523162842,"y":4.999999523162842,"z":5.960464477539063e-7},"rotation":{"x":-0.21609103679656983,"y":-0.003810480935499072,"z":0.0008436159114353359,"w":-0.976370096206665},"size":1.5158398151397706,"orthographic":false}