{"cameraMode":{"drawMode":0,"name":"Shaded","section":"Shading Mode"},"sceneLighting":true,"audioPlay":false,"sceneViewState":{"m_AlwaysRefresh":false,"showFog":true,"showSkybox":true,"showFlares":true,"showImageEffects":true,"showParticleSystems":true,"showVisualEffectGraphs":true,"m_FxEnabled":true},"in2DMode":false,"pivot":{"x":-3.94334077835083,"y":0.8035521507263184,"z":-0.010635852813720703},"rotation":{"x":0.10834639519453049,"y":-0.8158851861953735,"z":0.16241730749607087,"w":0.5442691445350647},"size":4.263499736785889,"orthographic":false}