{"cameraMode":{"drawMode":0,"name":"Shaded","section":"Shading Mode"},"sceneLighting":false,"audioPlay":false,"sceneViewState":{"m_AlwaysRefresh":false,"showFog":true,"showSkybox":false,"showFlares":true,"showImageEffects":true,"showParticleSystems":true,"showVisualEffectGraphs":true,"m_FxEnabled":true},"in2DMode":false,"pivot":{"x":0.7683903574943543,"y":0.6024706363677979,"z":-1.2511987686157227},"rotation":{"x":-0.09866686165332794,"y":0.4984593689441681,"z":-0.057226814329624179,"w":-0.8593863844871521},"size":2.703049898147583,"orthographic":false}